{
  "h1": {
    "mse": 907.3708037432722,
    "mae": 19.581225836201366,
    "r2": 0.9398907655149952
  },
  "h2": {
    "mse": 1305.709257106587,
    "mae": 26.131924732229077,
    "r2": 0.9131846222463271
  },
  "h3": {
    "mse": 984.4758763467377,
    "mae": 22.411991375010793,
    "r2": 0.93438644814238
  },
  "h4": {
    "mse": 1136.4675923383431,
    "mae": 24.008954776265956,
    "r2": 0.9237473144457872
  },
  "h5": {
    "mse": 2559.4313318866753,
    "mae": 37.15659896061372,
    "r2": 0.8263531955918322
  },
  "directional_accuracy": {
    "h1": 0.4972375690607735,
    "h2": 0.5165745856353591,
    "h3": 0.5414364640883977,
    "h4": 0.5165745856353591,
    "h5": 0.44751381215469616,
    "overall": 0.5038674033149171
  }
}