{
  "h1": {
    "mse": 195154.09142285772,
    "mae": 293.61465137368504,
    "r2": 0.9740455621574674
  },
  "h2": {
    "mse": 322247.28100641764,
    "mae": 400.4692370103577,
    "r2": 0.957180517717396
  },
  "h3": {
    "mse": 583252.2737290472,
    "mae": 537.0694948166691,
    "r2": 0.9236849237317644
  },
  "h4": {
    "mse": 643993.4167844602,
    "mae": 574.9135270862134,
    "r2": 0.9175044472302016
  },
  "h5": {
    "mse": 799835.7846503931,
    "mae": 642.0600626610487,
    "r2": 0.8985487567778775
  },
  "directional_accuracy": {
    "h1": 0.4707112970711297,
    "h2": 0.4497907949790795,
    "h3": 0.39748953974895396,
    "h4": 0.5774058577405857,
    "h5": 0.5753138075313807,
    "overall": 0.49414225941422596
  }
}