{
  "h1": {
    "mse": 4837.935647440947,
    "mae": 51.39784814807515,
    "r2": 0.9407499229603472
  },
  "h2": {
    "mse": 9299.75544468262,
    "mae": 68.90343484627479,
    "r2": 0.8849796315555483
  },
  "h3": {
    "mse": 14558.234917260532,
    "mae": 84.61766215810505,
    "r2": 0.8208624517795323
  },
  "h4": {
    "mse": 19738.75374943501,
    "mae": 99.60341998180272,
    "r2": 0.7587108647575507
  },
  "h5": {
    "mse": 24666.725971355132,
    "mae": 112.65174901794,
    "r2": 0.7043791265997614
  },
  "directional_accuracy": {
    "h1": 0.5256673511293635,
    "h2": 0.5441478439425051,
    "h3": 0.5297741273100616,
    "h4": 0.5400410677618069,
    "h5": 0.5420944558521561,
    "overall": 0.5363449691991786
  }
}