{
  "h1": {
    "mse": 14.654014089667816,
    "mae": 2.5628401251103847,
    "r2": 0.9763804533926846
  },
  "h2": {
    "mse": 34.25194784332646,
    "mae": 4.069301734564306,
    "r2": 0.9452007959485813
  },
  "h3": {
    "mse": 53.94666066466707,
    "mae": 5.092747268381706,
    "r2": 0.9156531306848321
  },
  "h4": {
    "mse": 67.34989914353709,
    "mae": 5.842722737310299,
    "r2": 0.8977097696093327
  },
  "h5": {
    "mse": 84.00028053993977,
    "mae": 6.7479423490716615,
    "r2": 0.8755154363991202
  },
  "directional_accuracy": {
    "h1": 0.5313807531380753,
    "h2": 0.5460251046025104,
    "h3": 0.5878661087866108,
    "h4": 0.5376569037656904,
    "h5": 0.5397489539748954,
    "overall": 0.5485355648535565
  }
}