{
  "h1": {
    "mse": 4.36775865276084,
    "mae": 1.4751009831988686,
    "r2": 0.9472598117436885
  },
  "h2": {
    "mse": 6.0772790177045986,
    "mae": 1.8140371917656448,
    "r2": 0.9253627399903985
  },
  "h3": {
    "mse": 10.573890142268011,
    "mae": 2.3788088994675816,
    "r2": 0.8716044590749998
  },
  "h4": {
    "mse": 11.889726980324996,
    "mae": 2.576578227744941,
    "r2": 0.8583864593400825
  },
  "h5": {
    "mse": 15.017065025029183,
    "mae": 2.9472249898600755,
    "r2": 0.8235317757188982
  },
  "directional_accuracy": {
    "h1": 0.5256673511293635,
    "h2": 0.5051334702258727,
    "h3": 0.5318275154004107,
    "h4": 0.5215605749486653,
    "h5": 0.5195071868583162,
    "overall": 0.5207392197125257
  }
}