{
  "h1": {
    "mse": 6.521735699175058,
    "mae": 1.816078334465353,
    "r2": 0.9849413052637045
  },
  "h2": {
    "mse": 20.30136051777074,
    "mae": 2.9243134378280327,
    "r2": 0.9535200630700369
  },
  "h3": {
    "mse": 20.62510440435292,
    "mae": 3.295456293168998,
    "r2": 0.9532694594062772
  },
  "h4": {
    "mse": 40.04278519283293,
    "mae": 4.385694822576351,
    "r2": 0.9104961449064835
  },
  "h5": {
    "mse": 36.06875783468038,
    "mae": 4.37518943433411,
    "r2": 0.9202003003733145
  },
  "directional_accuracy": {
    "h1": 0.5154004106776181,
    "h2": 0.5462012320328542,
    "h3": 0.5646817248459959,
    "h4": 0.5482546201232033,
    "h5": 0.5749486652977412,
    "overall": 0.5498973305954825
  }
}