{
  "h1": {
    "mse": 18.056137473309406,
    "mae": 2.9369235885041096,
    "r2": 0.9688893108527822
  },
  "h2": {
    "mse": 31.14335488679283,
    "mae": 3.995736180524512,
    "r2": 0.9466547213447228
  },
  "h3": {
    "mse": 42.923791195086054,
    "mae": 4.804478144278971,
    "r2": 0.9267197125032335
  },
  "h4": {
    "mse": 53.03415425254133,
    "mae": 5.465644947980344,
    "r2": 0.9095019822086752
  },
  "h5": {
    "mse": 67.85582485972634,
    "mae": 6.264466954868049,
    "r2": 0.8835947609676726
  },
  "directional_accuracy": {
    "h1": 0.5251046025104602,
    "h2": 0.5376569037656904,
    "h3": 0.5585774058577406,
    "h4": 0.5690376569037657,
    "h5": 0.5648535564853556,
    "overall": 0.5510460251046025
  }
}