{
  "h1": {
    "mse": 19.17790212428529,
    "mae": 2.4063561637633035,
    "r2": -2.237197490220679
  },
  "h2": {
    "mse": 2.56216919186675,
    "mae": 0.9307304598579678,
    "r2": 0.5719455448762414
  },
  "h3": {
    "mse": 4.986835757246678,
    "mae": 1.3003633028940615,
    "r2": 0.17414178755422938
  },
  "h4": {
    "mse": 2.29820337064368,
    "mae": 0.9832982710174791,
    "r2": 0.6232859989449967
  },
  "h5": {
    "mse": 6.7403646751926765,
    "mae": 1.6496772138371167,
    "r2": -0.08877354682884664
  },
  "directional_accuracy": {
    "h1": 0.48254620123203285,
    "h2": 0.4804928131416838,
    "h3": 0.4702258726899384,
    "h4": 0.49075975359342916,
    "h5": 0.5112936344969199,
    "overall": 0.48706365503080085
  }
}