{
  "h1": {
    "mse": 0.535235143942069,
    "mae": 0.4672348432673868,
    "r2": 0.9967162025217499
  },
  "h2": {
    "mse": 1.1049507770940532,
    "mae": 0.6740481174755912,
    "r2": 0.9932551816272441
  },
  "h3": {
    "mse": 1.720688867465085,
    "mae": 0.8480522187429096,
    "r2": 0.9895476881926999
  },
  "h4": {
    "mse": 2.3504393706117455,
    "mae": 1.004208552231258,
    "r2": 0.9858026316067505
  },
  "h5": {
    "mse": 3.127231769241001,
    "mae": 1.1866041341209836,
    "r2": 0.9812582457549495
  },
  "directional_accuracy": {
    "h1": 0.5585215605749486,
    "h2": 0.62217659137577,
    "h3": 0.6098562628336756,
    "h4": 0.6509240246406571,
    "h5": 0.33880903490759756,
    "overall": 0.5560574948665298
  }
}