{
  "h1": {
    "mse": 1660.608356646951,
    "mae": 25.702840219705507,
    "r2": 0.06222004743828813
  },
  "h2": {
    "mse": 2902.740924389973,
    "mae": 31.507688501779974,
    "r2": -0.6288895734006417
  },
  "h3": {
    "mse": 285.09638848855076,
    "mae": 10.389151615502987,
    "r2": 0.840931391572958
  },
  "h4": {
    "mse": 1663.6525632777425,
    "mae": 26.262202110483592,
    "r2": 0.07903653958110612
  },
  "h5": {
    "mse": 709.502235229589,
    "mae": 17.08327371475395,
    "r2": 0.6073959843903795
  },
  "directional_accuracy": {
    "h1": 0.49372384937238495,
    "h2": 0.5585774058577406,
    "h3": 0.5878661087866108,
    "h4": 0.502092050209205,
    "h5": 0.5376569037656904,
    "overall": 0.5359832635983264
  }
}