{
  "h1": {
    "mse": 30.931294557760086,
    "mae": 4.0006791809260855,
    "r2": 0.9754010996129554
  },
  "h2": {
    "mse": 66.3475442071214,
    "mae": 6.161392065143393,
    "r2": 0.947542019036034
  },
  "h3": {
    "mse": 91.1559541354592,
    "mae": 7.398965492312273,
    "r2": 0.9281546599797659
  },
  "h4": {
    "mse": 117.4015250575189,
    "mae": 8.611704271748366,
    "r2": 0.9062695464438394
  },
  "h5": {
    "mse": 132.7942367836632,
    "mae": 9.251419015987247,
    "r2": 0.8926487213454016
  },
  "directional_accuracy": {
    "h1": 0.4472049689440994,
    "h2": 0.494824016563147,
    "h3": 0.474120082815735,
    "h4": 0.4699792960662526,
    "h5": 0.525879917184265,
    "overall": 0.4824016563146998
  }
}