{
  "h1": {
    "mse": 147.66956937367414,
    "mae": 8.39728367120676,
    "r2": 0.986583450591156
  },
  "h2": {
    "mse": 291.72356112363997,
    "mae": 12.157017844742475,
    "r2": 0.973419274151208
  },
  "h3": {
    "mse": 426.7552773859295,
    "mae": 15.009853292946552,
    "r2": 0.9610046627208528
  },
  "h4": {
    "mse": 581.4806146396947,
    "mae": 17.896813723610983,
    "r2": 0.9465666586275178
  },
  "h5": {
    "mse": 752.6520524408794,
    "mae": 20.69768683091622,
    "r2": 0.9303945293026674
  },
  "directional_accuracy": {
    "h1": 0.4989733059548255,
    "h2": 0.459958932238193,
    "h3": 0.4394250513347023,
    "h4": 0.44353182751540043,
    "h5": 0.44353182751540043,
    "overall": 0.4570841889117043
  }
}