{
  "h1": {
    "mse": 68.60459172951376,
    "mae": 5.724148713710815,
    "r2": 0.9662423614564163
  },
  "h2": {
    "mse": 1121.6029515521172,
    "mae": 20.068863908362385,
    "r2": 0.44794758367296117
  },
  "h3": {
    "mse": 348.0720295203815,
    "mae": 12.772175606955129,
    "r2": 0.8287455117474883
  },
  "h4": {
    "mse": 364.37280635664393,
    "mae": 13.80744065213912,
    "r2": 0.8208229522613
  },
  "h5": {
    "mse": 379.8015685683915,
    "mae": 13.892539045639843,
    "r2": 0.8135819608905853
  },
  "directional_accuracy": {
    "h1": 0.4707112970711297,
    "h2": 0.5585774058577406,
    "h3": 0.5251046025104602,
    "h4": 0.5627615062761506,
    "h5": 0.5732217573221757,
    "overall": 0.5380753138075314
  }
}