{
  "h1": {
    "mse": 849.7845437056916,
    "mae": 22.714094100761812,
    "r2": 0.36170118762442527
  },
  "h2": {
    "mse": 1194.8990178965764,
    "mae": 29.842029347544678,
    "r2": 0.09640978516028953
  },
  "h3": {
    "mse": 2295.7952873495988,
    "mae": 41.74947596035012,
    "r2": -0.7255961689592516
  },
  "h4": {
    "mse": 379.70592836123535,
    "mae": 15.042091312760025,
    "r2": 0.7159619731442147
  },
  "h5": {
    "mse": 365.22547301493324,
    "mae": 14.983904212201933,
    "r2": 0.7269637474553232
  },
  "directional_accuracy": {
    "h1": 0.50418410041841,
    "h2": 0.4581589958158996,
    "h3": 0.40376569037656906,
    "h4": 0.5125523012552301,
    "h5": 0.4686192468619247,
    "overall": 0.4694560669456067
  }
}