{
  "h1": {
    "mse": 272.0043465780527,
    "mae": 10.768819655982355,
    "r2": 0.8266455058083778
  },
  "h2": {
    "mse": 179.91869564882379,
    "mae": 9.664957085813922,
    "r2": 0.8853346509922795
  },
  "h3": {
    "mse": 1614.843455702578,
    "mae": 24.397676857231804,
    "r2": -0.02504023562661617
  },
  "h4": {
    "mse": 3627.959886947495,
    "mae": 35.393146940237585,
    "r2": -1.2934948017332326
  },
  "h5": {
    "mse": 573.7282846390602,
    "mae": 18.54005920806276,
    "r2": 0.6373305661099151
  },
  "directional_accuracy": {
    "h1": 0.49075975359342916,
    "h2": 0.5667351129363449,
    "h3": 0.486652977412731,
    "h4": 0.5811088295687885,
    "h5": 0.41478439425051333,
    "overall": 0.5080082135523614
  }
}