{
  "h1": {
    "mse": 1.4636946221935043,
    "mae": 0.8251947082408894,
    "r2": 0.9660677602684457
  },
  "h2": {
    "mse": 2.8381672931749464,
    "mae": 1.2163104121845403,
    "r2": 0.9338191100516322
  },
  "h3": {
    "mse": 4.294546562320752,
    "mae": 1.5134760737064732,
    "r2": 0.9002649767057518
  },
  "h4": {
    "mse": 5.679958939494596,
    "mae": 1.771085711910891,
    "r2": 0.8684180274903329
  },
  "h5": {
    "mse": 7.086685465383794,
    "mae": 1.9984012999218994,
    "r2": 0.8356790415307456
  },
  "directional_accuracy": {
    "h1": 0.5256673511293635,
    "h2": 0.5359342915811088,
    "h3": 0.5318275154004107,
    "h4": 0.5174537987679672,
    "h5": 0.5420944558521561,
    "overall": 0.5305954825462013
  }
}