{
  "h1": {
    "mse": 128.49326510337667,
    "mae": 8.145416992262252,
    "r2": 0.9823929328025972
  },
  "h2": {
    "mse": 249.59345620101874,
    "mae": 11.473674019648447,
    "r2": 0.9661092995469293
  },
  "h3": {
    "mse": 375.2819079533398,
    "mae": 14.253407966504767,
    "r2": 0.9495668966768823
  },
  "h4": {
    "mse": 500.196944986387,
    "mae": 16.500438411498898,
    "r2": 0.9330419939713932
  },
  "h5": {
    "mse": 613.7784935756631,
    "mae": 18.314133277465093,
    "r2": 0.9171764779043267
  },
  "directional_accuracy": {
    "h1": 0.5062761506276151,
    "h2": 0.502092050209205,
    "h3": 0.49372384937238495,
    "h4": 0.49581589958158995,
    "h5": 0.48326359832635984,
    "overall": 0.49623430962343096
  }
}