{
  "h1": {
    "mse": 0.4926073539593791,
    "mae": 0.5100106947375688,
    "r2": 0.9596708543134929
  },
  "h2": {
    "mse": 1.0572005049585558,
    "mae": 0.7416403475527109,
    "r2": 0.9133287669469228
  },
  "h3": {
    "mse": 1.664349216748132,
    "mae": 0.9159244942994464,
    "r2": 0.8646825279797995
  },
  "h4": {
    "mse": 2.2527537644846527,
    "mae": 1.0905732761427318,
    "r2": 0.8206311147719062
  },
  "h5": {
    "mse": 2.803948019299154,
    "mae": 1.2274573542436555,
    "r2": 0.7838986846035856
  },
  "directional_accuracy": {
    "h1": 0.5338809034907598,
    "h2": 0.5359342915811088,
    "h3": 0.5420944558521561,
    "h4": 0.5256673511293635,
    "h5": 0.5133470225872689,
    "overall": 0.5301848049281315
  }
}