{
  "h1": {
    "mse": 0.6794643905826317,
    "mae": 0.4325598773683292,
    "r2": 0.9889013904436422
  },
  "h2": {
    "mse": 1.4821222277164798,
    "mae": 0.7307000972133454,
    "r2": 0.9757210018253619
  },
  "h3": {
    "mse": 2.4294652824016287,
    "mae": 0.9947200891588087,
    "r2": 0.9601764026538602
  },
  "h4": {
    "mse": 3.330256966084323,
    "mae": 1.1745676920509922,
    "r2": 0.9459254225296195
  },
  "h5": {
    "mse": 4.309215575274106,
    "mae": 1.3692225626839682,
    "r2": 0.9309852488171325
  },
  "directional_accuracy": {
    "h1": 0.2826603325415677,
    "h2": 0.26128266033254155,
    "h3": 0.31116389548693585,
    "h4": 0.498812351543943,
    "h5": 0.5344418052256532,
    "overall": 0.37767220902612825
  }
}